price_band,0-5s,5-10s,10-15s,15-20s,20-25s,25-30s,30-35s,35-40s,40-45s,45-50s,50-55s,55-60s,60-65s,65-70s,70-75s,75-80s,80-85s,85-90s,90-95s,95-100s,100-105s,105-110s,110-115s,115-120s,120-125s,125-130s,130-135s,135-140s,140-145s,145-150s,150-155s,155-160s,160-165s,165-170s,170-175s,175-180s,180-185s,185-190s,190-195s,195-200s,200-205s,205-210s,210-215s,215-220s,220-225s,225-230s,230-235s,235-240s,240-245s,245-250s,250-255s,255-260s,260-265s,265-270s,270-275s,275-280s,280-285s,285-290s,290-295s,295-300s
0.15-0.18,-1.960784313725503,162.20344768731866,61.70516394530732,62.03703703703704,-33.70681605975723,198.24357243712083,34.10845222198795,0.524149053560813,11.79825465539751,-8.369408369408372,-3.98107196320718,-17.739608062188708,-49.97013142174433,-47.28800611153553,36.99527274796092,14.959983059352142,-12.605042016806731,-27.806993765248038,-72.78911564625851,-40.41800493413397,-44.85294117647059,-25.52995391705069,-25.4603275001757,-46.779624198979036,-63.76050420168068,-67.11919292564453,-12.665009887232111,-11.330405954061872,-58.20271682340648,-10.783413457210255,-70.95959595959597,-67.32026143790848,-79.7160243407708,-60.899315738025415,0.3856277162269664,15.95064963186405,47.77535067057126,35.868384499449824,34.349102741402426,20.763161569613178,13.16134845546609,-9.23270941192088,68.80412966750727,37.370246241213984,1.8456625074272075,48.989898989898975,-3.9096396906244073,-21.444458611359032,-59.5959595959596,30.40834613415259,-26.215277777777775,100.0715568077997,15.469208211143698,29.06846240179573,237.47614392775685,136.11111111111111,,-100.0,,
0.18-0.21,1.6731016731016801,123.3686556536364,21.031746031746035,-4.566176228563909,52.06275900459766,-33.33333333333333,-22.847659689764953,-0.645923752470606,7.997727111300512,79.62471845655415,46.52014652014652,63.257534724340246,17.52804435731266,-47.3355057437214,-42.23363286264441,-18.9462742094321,12.028215686752274,-71.5099715099715,14.860962742862613,-43.349943349943345,-11.171877991099958,-20.49610499649839,-18.879159406717484,33.50945482440711,60.053204414812,60.306702052530035,3.556264018394955,-40.484989265477076,-34.009080350543755,-77.8270509977827,-47.2565761764368,-60.06996006996006,-73.61825616673262,-43.21915900863269,-43.58745321518107,-25.851378611327263,-11.82181125078739,-2.216459908767602,13.055221848546624,-7.3952117069235515,1.8830903298169017,-29.09471480900052,-60.97560975609756,-11.702100684631239,-33.7189910360642,-24.192485168094922,-20.202615966415706,-54.95495495495495,0.8365508365508401,-16.586435601198115,50.42161610159798,26.084775475019377,48.827667624660116,28.49170743907586,152.01878707976272,67.08437761069341,-100.0,-100.0,,
0.21-0.24,182.76758393407385,127.07625453620876,7.638888888888884,-38.54896260076649,-100.0,-23.24947246860508,-15.484633569739945,-22.60843731431967,-17.77146464646465,0.667527993109388,47.451578055239615,-28.05015931750437,21.025263202853054,59.45214798049507,120.67666084396664,17.79099972902008,10.447883502683105,-28.044448529787257,-56.98427382053654,-49.02189220542167,-35.12002573798164,-56.14478114478114,14.88857062750536,12.44339735804357,10.874931110285974,-28.22244180939833,0.4966344745438469,-29.173126614987083,5.964092009743105,-47.547281323877066,-31.829571550006975,-18.674347867696934,34.596399639533686,3.1328639680079977,-13.94048389347746,-13.556040525282837,14.217959590341845,20.274971623362926,15.013712440728774,-15.157937781800271,-9.97272493195734,13.562226253963017,1.5325670498084278,-13.279406808223799,-17.042977651156985,-53.31018354892675,-14.779138430796024,-30.67071115604988,-12.858920726313103,16.11413491670791,34.92759032950863,-41.09574000878349,9.32835062758906,-29.753605449417275,38.165367861512884,90.90405718312695,-13.04347826086957,-100.0,-100.0,-100.0
0.24-0.27,32.851909994767134,87.52945487177293,11.52768799827623,-100.0,-100.0,-37.65182186234817,-57.249147038270245,17.963030050942137,20.79085053557861,-47.47116237799467,43.014724116757776,15.530455368730294,12.404581248722675,-60.26390763232868,-30.194299942199105,-33.75127828909342,-31.168403500732662,-3.7323833627260687,-66.01232450289054,13.560125980188339,-34.263390890947576,-29.9504417151476,-33.39692315542903,1.522386191238512,39.16740816629829,36.491281759823956,-25.980726603965742,-31.746283419027993,25.888306805201854,76.7540973277985,27.595110720738326,-43.80576984268357,-51.07147281060325,18.574104862631753,-8.397182234717251,-11.174259913755714,-46.37980155221535,9.620300434316604,-5.9589432719817,-13.614977787061719,7.160077383638501,-23.30749426040373,21.26583880136309,19.784222138404168,20.25452947362374,-17.860330079557393,-9.62673302401647,-12.09501721835688,-0.4271107239135643,-27.05367047103742,5.43899546594964,-30.354422326764997,-49.986661331199144,-44.712430426716146,-48.48106466666935,-52.83018867924528,-100.0,-100.0,-100.0,
0.27-0.30,-46.88644688644688,81.90595225745932,88.5840737543343,72.61904761904762,-13.03690260133091,-100.0,-24.364482635159327,58.315189583453765,3.9871953971759813,-19.413919413919416,-50.43078599060898,-8.627845443336005,20.783149095308808,-43.12169312169312,1.4802365007647558,-1.819923371647509,-15.214761040532363,9.261184947917855,12.57309941520468,1.1479001764045005,-12.184458010229337,-21.654536899545974,-31.901422170270795,-48.8603156049094,-48.195404335755214,-31.53383216904088,-50.717310517673496,-8.78455148195835,-23.093143955059116,24.64813059040563,-21.742775767814983,27.38626791518438,-9.527130995911069,-15.237172596673041,-24.245259645437756,-31.133592841889,-45.24148757207295,-40.9736680607824,-6.07348164842562,-49.15210103180028,-13.962127210766049,1.7003276963049947,0.7592032028122261,0.5056865181314233,35.230688919667365,30.268483949442626,13.774869682178355,8.290139452938329,-15.756007238365966,-18.280831371295385,-7.898395327382603,6.240404704606227,-32.23117841300498,-32.21884786528423,-43.800410116199586,-1.727336068595407,-0.49317107428487633,-3.1198686371100153,-56.896551724137936,-100.0
0.30-0.33,111.69354838709677,-20.595533498759306,-54.63709677419354,37.564213945758105,-67.21311475409837,-46.236559139784944,25.992063492063494,-36.50793650793651,41.111253342436136,5.874316939890711,-41.78464977645305,-32.67050409907553,19.69766065028162,1.482858539310153,11.142743904840678,-16.685168680423214,-78.83597883597884,-15.631901492557231,-21.21524529146158,-9.266925683976375,0.3264718665230772,-26.160414538023645,71.41326415519964,-20.18090250672218,-2.880035542188073,-12.219456904808569,-10.514011862711294,-47.69060091640738,-65.27212499434722,-41.57408488450265,-16.926836176772948,-10.84194039112072,-18.52404038949816,-24.959426169686846,-29.100454984950307,-2.27093381585307,-11.072689282631112,-33.00193658800216,-11.607417275714473,5.573085081281802,-15.368341796157772,-16.411259864667976,-17.291901581519067,-55.6655854352293,-54.259912483074835,-20.411750884573276,-17.291901581519067,-10.343360876194978,16.300825009841404,-11.70811657784363,-23.161128244417508,-37.95155755317927,9.569842618341578,-76.46069777217318,-51.264282801829076,-31.732458115654836,-23.64423927466913,47.98082957436863,-1.5069373014904468,88.55459057071961
0.33-0.36,52.794295393837274,52.13711406983571,35.20667546313961,-53.703703703703695,-2.731620771854383,-45.896071227021125,4.216120601584589,-72.45179063360881,-31.431320139950902,-19.876757076425676,66.99174175374661,12.687234518220441,-8.494198028076488,-32.737744315405884,-31.020090086728725,-27.427891102166786,-64.78407481928609,-18.29497205551485,-18.586576756182623,-14.20832839909664,-4.650969791814856,-19.507208800396434,-48.78452039577359,-26.941984818363796,-3.7273129239363376,-15.052256691942882,39.49082045381546,13.358692212248341,-28.378057050276933,-27.87488706417676,-31.131574240370163,-75.933039313321,-60.0609079421521,-37.93834078739296,-43.40451860184459,-24.935637624816167,-13.305396965679266,-19.23276739682871,-19.233908828190938,-19.001630344411815,-31.89683777002556,-44.73725665132226,-15.595141878839181,-33.17318807900193,-38.32950932858466,-45.44364555835066,-30.731134505120174,-16.102203963409448,-0.25938795208477167,6.666716271810837,20.516117352649747,30.611085811694355,17.920629417426365,-29.805849233609656,-16.69671314248707,-25.426173550339048,-61.62022387630589,12.712991627077685,-32.243847138682426,54.51910976207651
0.36-0.39,32.906590801327646,44.44942918627129,9.04356367692387,-66.21621621621621,-10.288803583684619,-40.318833613714645,-100.0,-23.016445222645647,-58.97435897435898,-50.850975508509755,23.916118436666387,4.948384948384946,16.50073654399538,31.35556664756376,-20.161398582451216,-29.21599987209215,12.684994808472217,-23.773906614569917,-3.363252818722786,-45.58379426800479,-22.934221618432144,-13.999245743594527,-37.53456223026603,-26.7641490996288,-44.259015545965795,-15.059750894809158,-7.893869959201884,-8.282065154890459,13.705668016101635,-38.987321173556,-10.805383047632503,-30.685315208266417,-13.678588694492674,6.052076457722879,-18.93591257817514,-42.495688937135014,14.853930521150982,-1.3610984856584745,18.137496590478356,-24.688878206233237,27.017602176545612,-28.47228779997345,-34.00745499880323,-14.814540676536522,3.444117547200181,-19.1901721973317,-34.44149464336919,-48.67781090873067,-41.77378838078365,1.8165055766963607,-7.4931510547948905,21.334106238576318,39.58243684271082,8.935432990736441,-34.65215797587824,-30.54862878692853,-8.44105489414414,-1.1890462548357303,-19.660593663376982,-24.06007180811118
0.39-0.42,101.55314842461081,37.80559441996871,-35.738307469133204,-52.094090648307514,-38.271604938271615,25.79113924050633,85.97560975609755,-7.7461435739872115,-27.41698501322362,-1.1743175232575886,23.069663075937015,-31.555230663760426,-5.9374079699282944,-17.86161237809552,-17.469628474830724,-56.75927836438831,-22.4348754605859,24.801662171735238,-54.99856569133678,-22.4348754605859,-38.62951807228915,-24.258216941143772,-17.208052304193348,-30.372426922478407,-40.584248518796215,-69.63161287123803,-23.01878608871065,-18.36606922989295,0.5272251155696883,-3.173651195576151,0.1950436632436978,9.563547613369623,18.25703017663642,18.125937071711977,15.549636806579775,-2.9881162372144177,25.319862961542455,4.704048080923758,-8.157544834576411,-0.17694011169156312,-1.7617104898617508,-35.946692119974536,-29.856405529667583,-31.860346112048816,-16.61100989032616,-27.63456848773106,-23.82690560183903,-14.283590696063683,-2.0408770066608724,11.504152542901954,44.1436509878066,13.687392005914628,4.906213715303336,12.950287268199226,18.19953764793412,1.9045617412391587,-7.2848598508570905,-15.14204386857597,4.21532973960963,27.66423825037338
0.42-0.45,-67.15493808517064,25.17627038851829,-42.50847697984011,-35.42973880052532,15.428559717589671,-22.905525846702318,-100.0,-8.568443051201667,-100.0,-100.0,14.289446185997914,-29.649332821837778,-48.88742013659396,-59.14198161389172,-28.149394554059864,-14.928659903960176,-19.009377552577863,-72.31833910034602,-27.803862298417243,-11.157242210593783,-58.67768595041323,-51.590350857200896,-50.1616203819138,-15.40461139027946,4.191557330843102,-10.583374555996752,8.685224097987055,14.833077806090103,-6.530675907240348,3.612422743744393,-4.966619694325739,9.744201537285766,26.629275187738227,37.03636902974798,44.61548917620886,-5.4702127230583,26.01688302762818,-14.96832960703156,-20.888566279782474,-35.0029643336521,-47.148213988630985,-52.43121570323082,-24.57423630811828,-33.30834253828024,-18.286159443174878,-9.197599953066742,-9.578564536934092,-14.00471637419029,-18.511360057858482,-13.344996353865174,-10.579530347498189,-2.362237728385484,-13.934565852556338,3.567765772973671,12.842168888272399,-13.719999314624202,4.20670491789444,2.2123492555224633,-3.968810415796733,-7.474923664700427
0.45-0.48,-24.150942145033643,-10.546134862396967,-7.021451261220724,-8.467001520990863,-27.67537573029564,-28.315412186379934,-56.52173913043479,-63.76811594202899,-42.17214590729022,-14.411338519997265,-36.72548031880899,-73.40425531914893,-53.21118991331757,17.989914254769936,7.369006391901861,-24.139005765934243,-4.973485854451712,-12.923688113963422,19.12033931441541,-9.071296699673184,2.581237171465647,-16.38383882447413,6.628064613053144,21.160392345759696,10.962160108935112,17.026424136059383,7.750904104735734,-16.63439812618456,-20.800120377026783,11.284471537982602,9.7913479508193,-1.452378214329124,2.522823434083521,-8.177671506240197,24.662728350009356,34.55864541784238,10.34481697634018,14.16954306619804,3.9536796078319516,-10.141120147427976,-4.168701236425662,-15.377401982472941,-12.866628215748795,-10.490244729669648,-12.452655327124345,-13.474404150368574,-9.88910663529822,-7.580197637794897,-3.68601921228396,-4.702377575540919,-3.4142505576374917,-5.592878125046471,-1.6676158863698571,9.872470681529448,12.782028602148854,5.4283532591817085,1.9068064008539782,-2.2101247406428803,-5.270826944887303,-3.9478161990978586
0.48-0.51,-32.173502687003804,-10.020405256843427,-4.591434068129149,-13.88353137824183,25.527865066057597,-26.16330278667941,-33.32888844439999,-39.57157995969397,37.8954408564742,-33.9847056601085,9.27820054732746,14.291429142914291,7.393816304707393,20.145429508937283,-19.44761486457924,-32.648934996592445,-40.45610746641674,-47.02470695299023,-10.190378506724132,-3.3515333304972397,-8.690301192862547,-23.699753382309268,0.7570005130880505,13.781593002745494,4.2633791380029065,-6.613072292241787,3.958265916208223,4.374135000109731,7.391229012524258,1.0355025442971653,4.588384418912259,22.465198828315696,18.913024209191875,8.484746060739198,0.5254659181259929,9.989358002895896,-6.2920498749737055,4.466517967745834,-4.15962293092872,4.858364909231628,-1.643919192387712,17.035557406559334,11.239758667567825,9.362477877894314,13.455614347487124,13.125627505571996,-0.8693170375294484,24.687868118607888,1.4651176386369447,2.834396027559738,-14.818709240063574,-22.03475711776674,-12.695711624383838,5.2513181227596455,-4.433242502028157,-3.434066546894854,0.048880949225162576,-0.07954856054595322,-2.301883914097319,2.2627202142732354
0.51-0.54,38.648922416361245,15.935394272001622,-3.9899720885249375,-5.496475545849558,-42.11742949607027,-36.08162195404732,34.81436620159044,-18.987238874401122,-52.22248391326977,-24.496555957705883,-47.08226574663377,-40.79823679565082,-13.167730302428557,-40.45890745373551,-36.92119779835358,-15.83165346974747,-10.704080771750629,-33.85542555989884,-23.675770607443074,-11.605415865721664,-24.27168434188195,-8.861768412726684,22.218659971389325,-4.732859410320152,2.6660934626801946,8.23211553201176,10.753868999455324,-4.536216178826429,18.13462224746012,1.4929132098348499,-14.128499262197709,-10.48129240915188,-13.258225939211593,-35.06837475737757,-21.440372049097817,-4.691016823046612,-18.552248641998894,-7.875153734357593,0.2839883426143869,-2.768783980793035,-2.552803854706975,-2.1017033106840994,8.001236545071384,-5.020100003672798,-27.15587517963086,-23.17039079743197,-11.590033831334333,-8.733915088667224,-2.5850611204814933,-7.758982233822244,4.0967468400826235,-5.169838423549606,14.454906689541735,17.1478133760115,26.055902822809152,23.42367265820553,3.889886437286072,6.22271391493491,8.784571981797232,13.911485630368992
0.54-0.57,28.717200730526233,16.423277058663324,-0.9644995883528027,42.90872233894928,-32.82038018880124,-39.65705548274356,-39.56935011980884,-11.095305832147934,-10.689073245344423,8.127611927238457,-45.78214578214579,-86.5047233468286,-25.32230253469192,-34.176724627099944,-10.242382063527849,-17.560389052507347,-39.93993993993994,-35.992634317539505,13.05117944422628,-34.36791775967615,16.983843770847614,-32.69093479302519,-10.457740111235706,-3.0868046659229593,5.190357675423243,25.98697758525354,12.137015438386992,-0.9028039375277113,16.770807081532766,-13.685715519894211,-25.198711228978727,-26.93693271271828,8.56093680217805,11.529930798830117,-4.970905379519064,-6.851796481590705,-0.19733781046457477,8.61342209388409,7.764326045461872,5.741209871428145,-0.2099163377826882,3.460371432350181,-13.85085171246147,-20.50836040386213,-13.650614914849626,-2.8013943886510955,-9.837823590562675,-11.307438883915774,-8.819946411337003,-6.557105864820431,1.9361768117232299,8.759651548165168,3.545723253561797,-9.095542770978394,2.2518696556145104,-5.48945637113703,1.3503567445914975,-7.475600861608431,10.25054637657069,1.986716055449228
0.57-0.60,21.917885658896516,0.0479630679735053,11.819354715665785,23.561120549914293,2.7313266443701276,-43.50011963837155,-65.21739130434783,-43.328055860025174,-20.790976342612286,-43.50011963837155,-57.439872500724434,-43.971605736311616,-15.236752070969912,-5.4205838975218965,-4.016422633967668,-31.80384597617158,-9.913825181119687,-43.401337116742624,-18.307301909974292,-4.420049969299892,-7.008951866881821,21.05915332194323,-15.017198864538173,6.173125447953607,3.0774851616353707,-9.08121761560321,-5.331115628135611,-2.3082719093636825,-14.850934603233462,1.383119843550959,-3.6470262440776646,17.917762523042526,-1.8046236925580883,-0.5507784800840128,-10.460125199452941,3.5584063141295226,-4.793697086216535,-0.11271299543355714,3.377662415673384,11.621607569490031,1.3137317124711734,-3.823284522647775,-3.7505332421184527,18.9669181249005,17.414110644791865,5.414993638736757,12.047646927439118,-0.3794209864582993,-1.9904328468047499,-7.455277123708109,-13.110838642413599,-7.020253089776365,-8.560927908961254,-5.872000918815184,-23.272316594519484,-5.687524782621507,-8.154202210541547,8.692996888849803,5.795297314262626,17.729733851570742
0.60-0.63,-31.425645527028017,11.402702188601909,37.822423931745604,29.479253459906356,21.52828036400707,-18.36598693855791,-31.599515492740732,-26.07267093420379,-63.567679753932524,-70.55527740028133,-45.23682573535945,-19.336741006826223,-31.45364338850581,-8.595889730163291,0.8274698736197424,-8.097034124602152,11.246723659708614,-2.8941191988756536,19.764155385337077,9.467350844839231,-18.682579120464574,-9.871155958617514,-14.80824161176067,14.256799740823142,7.382247675309335,-6.6842590104722195,9.4651201520092,-1.9553516710750858,-8.891457455602179,-16.201941656647225,-18.399508498386833,-20.934468774077796,-20.85149363147064,-10.392318376166477,6.786201769751182,16.239420554621162,9.489759332126425,16.048732541059447,15.818266130863337,15.91558798975958,19.194395772782876,-0.35331190388229095,3.892971961384207,6.3187520541558895,3.9551978436836985,-8.124364967267688,0.9267774224492376,-2.9055656853710645,-16.54276892936001,-5.085889748409491,2.975563838777499,-7.140490072932512,-3.750016986557414,0.3208565910528841,-10.622914457603455,-17.596803445721694,-23.777603744699192,-13.89583578868138,-25.98981009908587,-11.826954180712896
0.63-0.66,6.798199916095338,-12.128104134250082,-23.121920567561315,-28.89243926283059,-36.28590180161279,-58.360630810318526,8.418926492539386,-23.067817922358135,-49.36643791605624,-6.811489239158165,-61.97663659495721,-5.672754269804432,12.119927704818913,-0.23642103708721202,6.03002555224404,3.5734544871287883,-5.507892329412836,-22.818733096893048,-16.87115584740175,1.1786171569346962,8.110159497604434,2.6519373172676564,7.925671557073663,-20.52994195034352,-19.81229598287878,-16.928907848001835,-25.548441226701385,-16.055715387102655,-39.55127333196546,-33.98787472093189,-15.928769514184857,-5.333425979926028,4.398074537467711,7.296837477998894,11.70573881932218,3.3047289622993232,9.594618927980747,12.577274025750054,12.390483170814088,25.048155679044932,17.51604463257912,7.086722641332183,-0.5708338708317097,-7.603902950178629,-12.13061798478807,-6.733997740469268,-5.572052033028738,-10.205434241008847,0.010260829622913786,-20.66062519255168,-16.481818780000054,-20.773683049582967,-9.968501394739377,-29.52132623234609,-3.572613745066644,-17.667528131770766,-10.55821503156876,-6.30162194436597,-19.90512235670049,-10.538526434195727
0.66-0.69,13.22693013740563,-18.04968679654776,10.044107631955312,3.6581095357030273,-46.12055489252969,-25.58767418986448,-9.935791714712732,-14.677668960820823,-11.587645509130965,-31.217667865196024,3.825981100910826,-39.8330170992641,5.911776619296133,16.427467420134032,-55.773420479302835,-33.193718062092,-35.72139478683516,-4.397414209594349,19.046942419529486,8.594734145180748,2.3288577371246664,16.950512513062733,-10.659374002342641,-19.528207018885197,-28.70132394446174,-26.25678482338686,3.1713300350999,1.5691460235619483,-16.90483615358833,5.833437929402057,11.064282676132454,14.187427038482001,38.037860762103435,16.06390188424228,-3.806567153311961,-1.4596035448172147,-26.255779788212557,-9.81559024600631,-3.037212152194726,-2.6905570078357894,-8.84652506223959,3.6135206493742134,-1.9640198099505364,-4.60773333333566,-0.6549899376558674,7.020874064513139,9.529253998876547,5.196494137734993,-21.12323669733135,-0.6330055472235387,1.6077383483886665,3.1359385074869364,-12.134362491926172,14.002973558281148,0.00611977455649796,-1.3617709032925294,4.29392589669554,-31.400558862197812,-13.608889528515322,20.531991483532426
0.69-0.72,19.583523873337462,6.526499122633493,-38.27228480534616,40.123765123765125,-43.459367522897644,-17.24467507989626,-49.550413295689175,1.4007273531355182,2.770364742195732,-2.7811586575745433,-49.99282251396335,-18.392211268788035,-16.66655738570353,-29.072320715290427,-4.049746707887496,-17.704933749829323,-2.2510098557837797,1.342765377087072,-2.5107989075583017,-10.191988532243629,-22.93813586759887,-14.884518768311342,-13.025811770645687,-29.36854249038544,-25.452011675151827,-17.00861252036675,-13.752139206252986,-12.459050054339983,16.172073696398435,19.195494572373175,18.790425096914515,-4.413997919235676,-1.5627345653166087,1.9311434588162157,6.841395755963838,-5.849605477790795,-2.0474596803178318,-3.2249821960797167,-3.995461783926843,-12.247992154840247,-0.06468041962049301,2.0595466063645818,17.888058245212147,10.863264479325037,5.437431926260463,3.6318903798033535,-7.040334634497333,5.354655812630977,-3.141580383076471,-10.384399066938196,-4.121090593256438,-16.7856322998914,-9.509052426973511,-9.125126790824014,-25.722657898903055,-5.762872235517992,-7.221904121061057,0.9805476926202277,-17.342721567426903,
0.72-0.75,-4.744423985938253,9.988238605431938,-25.069240521242776,15.647230460505925,-6.969577894340719,-24.765483668461023,-20.125058326203035,-14.448110075149916,-16.467416419196333,-29.68487685418349,-18.786441125321325,-17.570977633406258,5.253292337078759,-23.04444978072295,-29.936271044138106,-14.393527583046506,-29.113201196337705,-18.279202217578597,-6.083148491792205,-21.996330206541018,-26.980239300039155,-32.615712501320985,-24.9806320893638,-26.76610928451595,0.3926249856367107,-16.7228305600457,12.131153555506378,5.337340904815151,12.307165847308633,-1.900214054368587,-13.368931188110352,-5.838630791382807,4.950866860307519,2.987565868567094,-8.842354608863118,2.417950953628222,5.931356497878794,-6.985569742337103,1.6817522891967789,3.760365366600281,7.0703044186206405,-1.2448645752480634,4.7273208527511645,12.934166044082923,9.35310894780706,12.966695750214196,11.014353991898245,6.838929145828971,9.025506285508529,9.538775573944472,7.663246520764131,6.22772028739364,3.5143942134511676,-8.321322836984974,-0.7381741638371133,-32.169434523386975,-11.778792616892257,4.67073275267545,9.044976960835033,-31.506849315068486
0.75-0.78,-22.911497105045502,-5.534864827574596,29.64015832314007,-24.763297194925553,-18.221997076357273,-13.032777145468181,0.8851456991832498,-49.25545372276983,-28.69115579585948,-10.078047204876576,1.3665864120023474,-22.725985544828088,-32.626783670877884,-39.44953958297775,-37.38182938881634,-10.814215137799781,-21.94286564267841,-16.501652059374045,-7.611299286806562,-8.910683547777847,-23.733842050336904,-14.774785276389743,-9.573598262322506,-0.5346923346333998,-9.421914288187477,-13.038826000625692,-21.731017803871445,-18.164793213370086,-13.052079932065515,-19.472956814053884,-15.874541251787964,5.271186691388988,-19.500066718898445,13.642267367750021,8.616034839238898,2.783907896332222,-0.956657020132124,-5.599694100016203,8.079479735437674,15.275837063940983,5.40410629464679,4.201975269199981,6.606859108498603,6.248181718902559,5.384156048094247,14.604322923202083,7.0554594878366546,12.679761379828768,5.076072877726529,6.633773487167311,-2.02956765479708,1.5234187173212383,-13.162172269703342,-0.6733196079855309,-9.75663175005762,12.787081250330676,30.731198330074754,30.7393250230145,31.074165762580748,
0.78-0.81,-16.666666666666664,1.8320983321389241,14.071496407711736,-15.938536953815271,-5.521870287148603,-43.19468129287041,-26.618924623769335,-37.16995945912313,-6.207264450104612,-19.986375363345115,-18.233031647590067,-12.83236656623578,-9.193126662431705,-5.653750202893519,-14.052076311212392,-20.485807136855037,-8.435708017927073,-5.681359196713292,-54.255957767241426,-31.928682395417468,-0.313122113759792,-13.63879075830977,-2.9550871433710006,-11.388718645985545,-6.716839816887489,3.807858215174851,-9.279393053045922,-19.44057471810423,-21.72641466162471,-5.479684105465321,-7.273128895177686,-9.335531333995984,-18.41633519867721,-17.417808422806907,-17.445688592207908,11.441320808812966,-0.054790468636826926,6.0775796279759815,1.9096340080945968,-1.582458584646476,8.527983643358313,-10.674925832652736,-13.545035637455422,0.48062730057246705,11.18303818741612,2.559879039804053,-1.6947227431822018,0.8505486277302357,21.588475746706408,8.5688127350707,15.444978552795702,9.28804651588284,19.380255735831934,26.363401872150177,-9.918142915401223,26.25892055756317,9.673496751999306,13.216504407968872,0.9573672140357765,
0.81-0.84,-23.125724444776445,-6.8577710250756585,-16.51844025574985,9.476571977774348,-13.201038983475144,-17.00437178402391,-13.79191537209013,-36.0374286588413,-14.473009128635942,-39.47634031948796,-3.0783548995303796,-14.224207077621084,-15.794699871393139,-8.999933268634377,-9.076162453258489,-8.948878509454348,-3.5476751880651,-9.94648065909076,-8.361712253098597,-3.4884735770930098,-0.40062218030767094,-9.31543470377294,-5.980525742646186,5.004479690058571,-0.6124779772549698,-11.419011147035707,-9.935420239130815,-11.660671517528126,-1.2371678739966905,-10.068893678011472,-6.638899629369126,-14.066287717992559,-9.067973135562493,-10.557140207251937,-4.954994439765773,-12.236546810550099,-17.168487734159232,-4.544597613117475,-4.196513478818865,-4.400492141946414,-8.9461450407522,-6.232507202631161,0.7761955385479915,-6.293477065182492,3.595337189891798,8.664588005030813,9.613812371657382,9.926343260863208,7.571115110775476,21.59706431370595,13.606839188431973,21.438676578821305,13.93025616178765,-19.797498832200507,22.214158917847655,20.86477359424702,21.685230602552334,6.6273392783821174,20.481927710843376,
0.84-0.87,-19.23331462982616,-9.403161342624676,-17.915389541095383,2.1527756523565773,3.1347510852937153,1.0338183508827061,-6.697587385813586,-14.990898689813905,-9.827353791276543,3.6203974257657263,-17.836278458309994,-16.896995622633394,-25.851277593693517,-31.1929831667368,-17.392197568284324,-4.287389526712563,1.8356317982375772,-1.442722376299611,-2.712819600012491,16.870809649183744,0.38489109021556217,-13.267826946589517,-15.224746683551905,-9.137978045356888,-4.013303098035982,-4.251697420364526,-11.40958418840204,-5.340931640450839,-9.128769189586675,-3.1655140145250273,-1.7780859876187654,2.3331373879890367,-1.0773281805631858,1.7872750875232668,3.2658696523181443,-3.3740077845364946,4.463416604713222,6.130651875323806,2.6055080691885726,12.01305322878799,6.5309564581127715,11.123470697706182,5.998318718412393,6.740328412565537,10.582227000546878,5.547184681591535,17.016150347977955,8.130416270869352,6.333644927147193,1.9218807822005641,0.6506644099960442,17.484453176557324,16.903024461276075,2.9482300790360645,-6.565575221062968,-2.864868487823312,-11.93466901968926,17.881818286676587,15.606936416184972,
0.87-0.90,6.267918245001971,-12.151574474100968,-10.103462459954283,2.680313440846367,-13.224719623657982,-16.860153691885714,-16.561855851382738,-16.487144044395368,-17.742832372224594,-14.87745457406996,-13.221737188196359,-7.328140092476551,-15.659727423272866,-7.860493307914564,3.809410845261421,3.5822750204368354,-13.489593815793988,-10.769463823860265,-11.295394923295929,-9.746247575480425,-6.5509647465033405,-8.946807015584023,-0.25294956787556017,-2.0964787057145036,-0.061161701898696796,-3.90677211945831,0.3255546262828333,-2.707741258999744,3.010204969321027,-2.593205948831749,-0.554091627110368,-6.368294463161204,-9.180200660474707,-3.150027732974958,1.2898038703445251,-1.419649190996818,9.111933697881144,6.6559520202472635,7.22919762924,7.869791121780039,8.162398970607617,7.395439746094337,5.298968292556101,13.002273741787043,12.817569283813008,12.813949824649567,12.999344761371463,13.059918277657644,13.13569077614021,13.165705677161323,12.52002367554712,12.87316179758055,12.79236947431034,12.839257514334031,12.580608343320204,12.207913812875459,12.997957099080693,14.28571428571428,,
0.90-0.93,-33.536511965180175,-10.775927180450624,-2.945013036427747,-3.3574523715948676,-7.8557817167307045,-11.6362881087098,-5.254697512913998,-11.23218881015851,-11.28667223984025,-8.485681610378252,-8.744995956108323,-7.620336588754642,-11.238400254138655,-7.50530012775866,-15.385629994788545,-11.230688253930788,-6.229423223794603,-1.3366998226748805,-4.621177307513577,-4.831164005495282,-4.747379010649518,1.0272249526939572,-7.756326577313488,-11.892475967710162,-0.7628773498254262,-5.6345581436619785,-9.755142174661833,-6.723454831684249,-8.9180774869575,-6.2114986123659595,-7.425701589949525,-6.572654232618877,-11.925230657857096,-7.46947850486277,-4.414045495235549,9.2762870506661,4.841858589534363,9.54718865795367,9.367181603517176,9.366481393325616,9.232272105785883,8.9991020981059,9.296994307155968,9.134116181163696,9.461093412406845,9.233740344760557,9.38283240055812,9.30096166648489,9.012059644745436,10.497237569060774,9.289617486338802,9.30006176813531,9.700861082076548,9.589863688224343,8.902203032292928,8.114460309066335,,,,
0.93-0.96,-14.202660841509884,-26.935495999081894,-27.061004099600318,-13.894164036397866,-20.282960503273017,-10.617453835633377,-12.667612753193708,-14.747812151871065,-5.621051786355201,-10.731997696525571,-12.373097042971478,-9.99702545547007,-0.6372504076432859,-6.043693045209278,-3.79764684194304,-3.824734149678006,-5.956887964588957,-2.677837402123349,-7.514649791460883,-8.757307202638435,-10.561232935064266,-8.94825178672474,-2.2935267648447115,0.7472740124570391,-2.8707050338745987,-1.1877953859903063,1.0125225982372623,-3.9772514944320805,-0.7559602878832807,-0.6099156958865987,-3.546840955284395,-1.7120823769528597,2.7466111196144585,5.8676947280084795,6.092668668255595,6.091729601933451,5.9467091806410775,6.198934889271039,6.130491736651237,5.939170549752173,5.994310074672313,5.686747776633128,5.619351401515712,5.1894260978189815,5.589785882115585,5.545582174481188,5.3757138629004215,5.1742059968614615,5.3757138629004215,5.828993950547109,5.825999777208432,4.987599889776803,5.458651809129177,6.951871657754009,6.951871657754009,6.951871657754009,,,,
0.96-0.99,-13.388310645151769,-15.075935083513656,-9.024638779459366,-8.741556963094817,-4.973093439820489,-4.721099482953239,-4.2975991376553235,-2.627611906767753,-0.6793932849597234,0.7491889938022794,1.3896858700527157,-0.8591173560704441,1.4209333717207868,-0.40019910008571563,-2.3147254599751403,-2.21375646832507,-1.9610756534868112,-0.6935558993099238,0.06155171938070006,1.3106010711843104,1.336902444184385,-0.08460258225400237,-0.5141048592611452,1.0375536958343126,0.6390948598249245,0.7318043229419462,0.47904577104538326,0.08458109555084807,2.7699022260571717,-0.3199038166621898,2.6585172886250077,2.5713969488346935,2.853281486142276,2.6180500632627917,-7.36913945667003,2.863827325919222,3.272662858155087,3.3607763483304325,2.780986755632349,2.9892387405340797,3.6269430051813454,3.0955227846419575,3.6269430051813454,3.6269430051813454,1.5228426395939167,1.5228426395939167,2.0408163265306074,1.5228426395939167,2.56410256410257,3.6269430051813454,3.6269430051813454,3.6269430051813454,,,,,,,,
0.99-1.02,-0.8461543548836082,-11.527471116077665,-10.074361638181731,-0.1691251407773511,-0.25200874736421136,-0.3588412405351799,-0.5259273935689802,-0.6680848485822876,-0.8549245511527994,-1.0530260599697479,-1.2649713050435683,0.46427942329516464,0.4681897455588147,0.4656856976906102,0.457333319303381,0.4627729706951533,0.45981881772749245,0.4521597541629259,0.4738013746112813,0.44968967576127705,0.43645230203399515,0.4790267478269378,0.48738423678856313,0.5025125628140763,0.5025125628140763,0.5025125628140763,0.5025125628140763,0.5025125628140763,0.5025125628140763,0.5025125628140763,0.5025125628140763,0.5025125628140763,,,,,,,,,,,,,,,,,,,,,,,,,,,,
1.02-1.05,,,,,,,,,,,,,,,,,,,,,,,,,,,,,,,,,,,,,,,,,,,,,,,,,,,,,,,,,,,,
